"cluster","animal","n_DEGs","dims","resolution"
"C0","animal25",2123556,"10","0.25"
"C0","animal26",480212,"10","0.25"
"C0","animal27",1616786,"10","0.25"
"C0","animal28",2974496,"10","0.25"
"C1","animal25",284130,"10","0.25"
"C1","animal26",137514,"10","0.25"
"C1","animal27",242556,"10","0.25"
"C1","animal28",1058538,"10","0.25"
"C2","animal25",252915,"10","0.25"
"C2","animal26",119535,"10","0.25"
"C2","animal27",60060,"10","0.25"
"C2","animal28",566670,"10","0.25"
"C3","animal25",40898,"10","0.25"
"C3","animal26",63041,"10","0.25"
"C3","animal27",53482,"10","0.25"
"C3","animal28",299233,"10","0.25"
"C4","animal25",1187601,"10","0.25"
"C4","animal26",936149,"10","0.25"
"C4","animal27",395867,"10","0.25"
"C4","animal28",3280769,"10","0.25"
"C5","animal25",76195,"10","0.25"
"C5","animal26",166845,"10","0.25"
"C5","animal27",56105,"10","0.25"
"C5","animal28",455700,"10","0.25"
"C6","animal25",88637,"10","0.25"
"C6","animal26",54511,"10","0.25"
"C6","animal27",38958,"10","0.25"
"C6","animal28",14194,"10","0.25"
"C7","animal25",27405,"10","0.25"
"C7","animal26",10962,"10","0.25"
"C7","animal27",66555,"10","0.25"
"C7","animal28",31581,"10","0.25"
"C8","animal25",18939,"10","0.25"
"C8","animal26",3717,"10","0.25"
"C8","animal27",34161,"10","0.25"
"C8","animal28",17877,"10","0.25"
"C0","animal25",605535,"10","0.5"
"C0","animal26",156950,"10","0.5"
"C0","animal27",539105,"10","0.5"
"C0","animal28",931480,"10","0.5"
"C1","animal25",479912,"10","0.5"
"C1","animal26",87713,"10","0.5"
"C1","animal27",287278,"10","0.5"
"C1","animal28",590569,"10","0.5"
"C10","animal25",88050,"10","0.5"
"C10","animal26",54150,"10","0.5"
"C10","animal27",38550,"10","0.5"
"C10","animal28",14400,"10","0.5"
"C11","animal25",329340,"10","0.5"
"C11","animal26",227544,"10","0.5"
"C11","animal27",135728,"10","0.5"
"C11","animal28",519958,"10","0.5"
"C12","animal25",168776,"10","0.5"
"C12","animal26",175712,"10","0.5"
"C12","animal27",32368,"10","0.5"
"C12","animal28",715564,"10","0.5"
"C13","animal25",10956,"10","0.5"
"C13","animal26",1980,"10","0.5"
"C13","animal27",8184,"10","0.5"
"C13","animal28",10956,"10","0.5"
"C14","animal25",3150,"10","0.5"
"C14","animal26",882,"10","0.5"
"C14","animal27",16254,"10","0.5"
"C14","animal28",2268,"10","0.5"
"C2","animal25",61628,"10","0.5"
"C2","animal26",60884,"10","0.5"
"C2","animal27",36580,"10","0.5"
"C2","animal28",454832,"10","0.5"
"C3","animal25",43250,"10","0.5"
"C3","animal26",63750,"10","0.5"
"C3","animal27",55000,"10","0.5"
"C3","animal28",309750,"10","0.5"
"C4","animal25",77982,"10","0.5"
"C4","animal26",170478,"10","0.5"
"C4","animal27",61008,"10","0.5"
"C4","animal28",468138,"10","0.5"
"C5","animal25",116366,"10","0.5"
"C5","animal26",82004,"10","0.5"
"C5","animal27",29880,"10","0.5"
"C5","animal28",220946,"10","0.5"
"C6","animal25",75852,"10","0.5"
"C6","animal26",16254,"10","0.5"
"C6","animal27",17514,"10","0.5"
"C6","animal28",203238,"10","0.5"
"C7","animal25",158412,"10","0.5"
"C7","animal26",13674,"10","0.5"
"C7","animal27",169764,"10","0.5"
"C7","animal28",135192,"10","0.5"
"C8","animal25",91512,"10","0.5"
"C8","animal26",35712,"10","0.5"
"C8","animal27",151497,"10","0.5"
"C8","animal28",134478,"10","0.5"
"C9","animal25",164400,"10","0.5"
"C9","animal26",106200,"10","0.5"
"C9","animal27",55800,"10","0.5"
"C9","animal28",550800,"10","0.5"
"C0","animal25",401405,"10","0.75"
"C0","animal26",75035,"10","0.75"
"C0","animal27",233275,"10","0.75"
"C0","animal28",501380,"10","0.75"
"C1","animal25",46620,"10","0.75"
"C1","animal26",46509,"10","0.75"
"C1","animal27",26862,"10","0.75"
"C1","animal28",367521,"10","0.75"
"C10","animal25",163254,"10","0.75"
"C10","animal26",108238,"10","0.75"
"C10","animal27",53820,"10","0.75"
"C10","animal28",491556,"10","0.75"
"C11","animal25",87000,"10","0.75"
"C11","animal26",53850,"10","0.75"
"C11","animal27",38400,"10","0.75"
"C11","animal28",14400,"10","0.75"
"C12","animal25",168756,"10","0.75"
"C12","animal26",174496,"10","0.75"
"C12","animal27",32144,"10","0.75"
"C12","animal28",749644,"10","0.75"
"C13","animal25",209954,"10","0.75"
"C13","animal26",134705,"10","0.75"
"C13","animal27",73391,"10","0.75"
"C13","animal28",347446,"10","0.75"
"C14","animal25",10956,"10","0.75"
"C14","animal26",1980,"10","0.75"
"C14","animal27",8184,"10","0.75"
"C14","animal28",10956,"10","0.75"
"C15","animal25",3325,"10","0.75"
"C15","animal26",931,"10","0.75"
"C15","animal27",17556,"10","0.75"
"C15","animal28",2527,"10","0.75"
"C16","animal25",66,"10","0.75"
"C16","animal26",88,"10","0.75"
"C16","animal27",110,"10","0.75"
"C16","animal28",2706,"10","0.75"
"C2","animal25",271397,"10","0.75"
"C2","animal26",104144,"10","0.75"
"C2","animal27",297999,"10","0.75"
"C2","animal28",499778,"10","0.75"
"C3","animal25",45824,"10","0.75"
"C3","animal26",72576,"10","0.75"
"C3","animal27",60032,"10","0.75"
"C3","animal28",329216,"10","0.75"
"C4","animal25",135113,"10","0.75"
"C4","animal26",97053,"10","0.75"
"C4","animal27",35811,"10","0.75"
"C4","animal28",290813,"10","0.75"
"C5","animal25",71712,"10","0.75"
"C5","animal26",159111,"10","0.75"
"C5","animal27",52788,"10","0.75"
"C5","animal28",416079,"10","0.75"
"C6","animal25",284084,"10","0.75"
"C6","animal26",25596,"10","0.75"
"C6","animal27",295144,"10","0.75"
"C6","animal28",268916,"10","0.75"
"C7","animal25",73780,"10","0.75"
"C7","animal26",15872,"10","0.75"
"C7","animal27",16988,"10","0.75"
"C7","animal28",199392,"10","0.75"
"C8","animal25",198912,"10","0.75"
"C8","animal26",39072,"10","0.75"
"C8","animal27",103896,"10","0.75"
"C8","animal28",244200,"10","0.75"
"C9","animal25",95139,"10","0.75"
"C9","animal26",35712,"10","0.75"
"C9","animal27",152055,"10","0.75"
"C9","animal28",136710,"10","0.75"
"C0","animal25",2118420,"15","0.25"
"C0","animal26",469800,"15","0.25"
"C0","animal27",1644300,"15","0.25"
"C0","animal28",2927880,"15","0.25"
"C1","animal25",242879,"15","0.25"
"C1","animal26",106964,"15","0.25"
"C1","animal27",190944,"15","0.25"
"C1","animal28",850187,"15","0.25"
"C10","animal25",3266,"15","0.25"
"C10","animal26",426,"15","0.25"
"C10","animal27",20164,"15","0.25"
"C10","animal28",2130,"15","0.25"
"C2","animal25",40875,"15","0.25"
"C2","animal26",68500,"15","0.25"
"C2","animal27",56500,"15","0.25"
"C2","animal28",317500,"15","0.25"
"C3","animal25",1208556,"15","0.25"
"C3","animal26",981525,"15","0.25"
"C3","animal27",409680,"15","0.25"
"C3","animal28",3388395,"15","0.25"
"C4","animal25",128933,"15","0.25"
"C4","animal26",93725,"15","0.25"
"C4","animal27",30644,"15","0.25"
"C4","animal28",295845,"15","0.25"
"C5","animal25",68172,"15","0.25"
"C5","animal26",152076,"15","0.25"
"C5","animal27",51300,"15","0.25"
"C5","animal28",416556,"15","0.25"
"C6","animal25",72448,"15","0.25"
"C6","animal26",11648,"15","0.25"
"C6","animal27",16640,"15","0.25"
"C6","animal28",194944,"15","0.25"
"C7","animal25",87016,"15","0.25"
"C7","animal26",53342,"15","0.25"
"C7","animal27",38591,"15","0.25"
"C7","animal28",13708,"15","0.25"
"C8","animal25",30654,"15","0.25"
"C8","animal26",12838,"15","0.25"
"C8","animal27",73884,"15","0.25"
"C8","animal28",33536,"15","0.25"
"C9","animal25",10480,"15","0.25"
"C9","animal26",1965,"15","0.25"
"C9","animal27",7860,"15","0.25"
"C9","animal28",10873,"15","0.25"
"C0","animal25",845835,"15","0.5"
"C0","animal26",186180,"15","0.5"
"C0","animal27",535428,"15","0.5"
"C0","animal28",1156884,"15","0.5"
"C1","animal25",46116,"15","0.5"
"C1","animal26",65394,"15","0.5"
"C1","animal27",59220,"15","0.5"
"C1","animal28",323064,"15","0.5"
"C10","animal25",86867,"15","0.5"
"C10","animal26",53342,"15","0.5"
"C10","animal27",38740,"15","0.5"
"C10","animal28",14006,"15","0.5"
"C11","animal25",35840,"15","0.5"
"C11","animal26",15680,"15","0.5"
"C11","animal27",86800,"15","0.5"
"C11","animal28",43400,"15","0.5"
"C12","animal25",10480,"15","0.5"
"C12","animal26",1965,"15","0.5"
"C12","animal27",7860,"15","0.5"
"C12","animal28",10873,"15","0.5"
"C13","animal25",4292,"15","0.5"
"C13","animal26",4884,"15","0.5"
"C13","animal27",21756,"15","0.5"
"C13","animal28",2368,"15","0.5"
"C2","animal25",34814,"15","0.5"
"C2","animal26",35947,"15","0.5"
"C2","animal27",17922,"15","0.5"
"C2","animal28",313944,"15","0.5"
"C3","animal25",125184,"15","0.5"
"C3","animal26",89487,"15","0.5"
"C3","animal27",30970,"15","0.5"
"C3","animal28",288999,"15","0.5"
"C4","animal25",298200,"15","0.5"
"C4","animal26",45000,"15","0.5"
"C4","animal27",295500,"15","0.5"
"C4","animal28",310200,"15","0.5"
"C5","animal25",84780,"15","0.5"
"C5","animal26",184950,"15","0.5"
"C5","animal27",62640,"15","0.5"
"C5","animal28",506520,"15","0.5"
"C6","animal25",80066,"15","0.5"
"C6","animal26",15694,"15","0.5"
"C6","animal27",18753,"15","0.5"
"C6","animal28",216790,"15","0.5"
"C7","animal25",684432,"15","0.5"
"C7","animal26",241668,"15","0.5"
"C7","animal27",312228,"15","0.5"
"C7","animal28",916398,"15","0.5"
"C8","animal25",562392,"15","0.5"
"C8","animal26",436560,"15","0.5"
"C8","animal27",148944,"15","0.5"
"C8","animal28",1978644,"15","0.5"
"C9","animal25",113238,"15","0.5"
"C9","animal26",50787,"15","0.5"
"C9","animal27",189540,"15","0.5"
"C9","animal28",199260,"15","0.5"
"C0","animal25",328575,"15","0.75"
"C0","animal26",59085,"15","0.75"
"C0","animal27",171015,"15","0.75"
"C0","animal28",422175,"15","0.75"
"C1","animal25",35394,"15","0.75"
"C1","animal26",37230,"15","0.75"
"C1","animal27",17136,"15","0.75"
"C1","animal28",319056,"15","0.75"
"C10","animal25",48822,"15","0.75"
"C10","animal26",38625,"15","0.75"
"C10","animal27",13390,"15","0.75"
"C10","animal28",63551,"15","0.75"
"C11","animal25",60336,"15","0.75"
"C11","animal26",18144,"15","0.75"
"C11","animal27",58896,"15","0.75"
"C11","animal28",57744,"15","0.75"
"C12","animal25",87016,"15","0.75"
"C12","animal26",53342,"15","0.75"
"C12","animal27",38591,"15","0.75"
"C12","animal28",13708,"15","0.75"
"C13","animal25",70216,"15","0.75"
"C13","animal26",29748,"15","0.75"
"C13","animal27",118456,"15","0.75"
"C13","animal28",114704,"15","0.75"
"C14","animal25",115340,"15","0.75"
"C14","animal26",67150,"15","0.75"
"C14","animal27",48980,"15","0.75"
"C14","animal28",135090,"15","0.75"
"C15","animal25",10480,"15","0.75"
"C15","animal26",1965,"15","0.75"
"C15","animal27",7860,"15","0.75"
"C15","animal28",10873,"15","0.75"
"C16","animal25",4292,"15","0.75"
"C16","animal26",4884,"15","0.75"
"C16","animal27",21756,"15","0.75"
"C16","animal28",2368,"15","0.75"
"C17","animal25",2197,"15","0.75"
"C17","animal26",2197,"15","0.75"
"C17","animal27",169,"15","0.75"
"C17","animal28",18421,"15","0.75"
"C2","animal25",49664,"15","0.75"
"C2","animal26",66816,"15","0.75"
"C2","animal27",61568,"15","0.75"
"C2","animal28",329600,"15","0.75"
"C3","animal25",343677,"15","0.75"
"C3","animal26",45780,"15","0.75"
"C3","animal27",331251,"15","0.75"
"C3","animal28",344004,"15","0.75"
"C4","animal25",75396,"15","0.75"
"C4","animal26",165188,"15","0.75"
"C4","animal27",56852,"15","0.75"
"C4","animal28",456036,"15","0.75"
"C5","animal25",237325,"15","0.75"
"C5","animal26",62700,"15","0.75"
"C5","animal27",141075,"15","0.75"
"C5","animal28",372350,"15","0.75"
"C6","animal25",711678,"15","0.75"
"C6","animal26",545259,"15","0.75"
"C6","animal27",196185,"15","0.75"
"C6","animal28",2252745,"15","0.75"
"C7","animal25",69192,"15","0.75"
"C7","animal26",11036,"15","0.75"
"C7","animal27",15252,"15","0.75"
"C7","animal28",188480,"15","0.75"
"C8","animal25",110619,"15","0.75"
"C8","animal26",45790,"15","0.75"
"C8","animal27",182437,"15","0.75"
"C8","animal28",190872,"15","0.75"
"C9","animal25",45036,"15","0.75"
"C9","animal26",28078,"15","0.75"
"C9","animal27",9313,"15","0.75"
"C9","animal28",172360,"15","0.75"
"C0","animal25",2024048,"20","0.25"
"C0","animal26",417118,"20","0.25"
"C0","animal27",1521192,"20","0.25"
"C0","animal28",2740460,"20","0.25"
"C1","animal25",87318,"20","0.25"
"C1","animal26",82320,"20","0.25"
"C1","animal27",52626,"20","0.25"
"C1","animal28",596820,"20","0.25"
"C10","animal25",30276,"20","0.25"
"C10","animal26",13050,"20","0.25"
"C10","animal27",72819,"20","0.25"
"C10","animal28",31059,"20","0.25"
"C11","animal25",10218,"20","0.25"
"C11","animal26",1834,"20","0.25"
"C11","animal27",7860,"20","0.25"
"C11","animal28",10611,"20","0.25"
"C12","animal25",3408,"20","0.25"
"C12","animal26",426,"20","0.25"
"C12","animal27",20164,"20","0.25"
"C12","animal28",2130,"20","0.25"
"C2","animal25",172860,"20","0.25"
"C2","animal26",59340,"20","0.25"
"C2","animal27",36980,"20","0.25"
"C2","animal28",439116,"20","0.25"
"C3","animal25",39116,"20","0.25"
"C3","animal26",68834,"20","0.25"
"C3","animal27",56007,"20","0.25"
"C3","animal28",323596,"20","0.25"
"C4","animal25",1209130,"20","0.25"
"C4","animal26",967304,"20","0.25"
"C4","animal27",407017,"20","0.25"
"C4","animal28",3358316,"20","0.25"
"C5","animal25",66576,"20","0.25"
"C5","animal26",149112,"20","0.25"
"C5","animal27",50616,"20","0.25"
"C5","animal28",415644,"20","0.25"
"C6","animal25",160160,"20","0.25"
"C6","animal26",21560,"20","0.25"
"C6","animal27",139720,"20","0.25"
"C6","animal28",150080,"20","0.25"
"C7","animal25",82782,"20","0.25"
"C7","animal26",52852,"20","0.25"
"C7","animal27",37376,"20","0.25"
"C7","animal28",12848,"20","0.25"
"C8","animal25",17760,"20","0.25"
"C8","animal26",7488,"20","0.25"
"C8","animal27",21888,"20","0.25"
"C8","animal28",16128,"20","0.25"
"C9","animal25",14606,"20","0.25"
"C9","animal26",12663,"20","0.25"
"C9","animal27",3752,"20","0.25"
"C9","animal28",6968,"20","0.25"
"C0","animal25",771882,"20","0.5"
"C0","animal26",144303,"20","0.5"
"C0","animal27",453921,"20","0.5"
"C0","animal28",1057707,"20","0.5"
"C1","animal25",33633,"20","0.5"
"C1","animal26",34542,"20","0.5"
"C1","animal27",16968,"20","0.5"
"C1","animal28",303606,"20","0.5"
"C10","animal25",82782,"20","0.5"
"C10","animal26",52414,"20","0.5"
"C10","animal27",37668,"20","0.5"
"C10","animal28",12994,"20","0.5"
"C11","animal25",18522,"20","0.5"
"C11","animal26",7742,"20","0.5"
"C11","animal27",23324,"20","0.5"
"C11","animal28",17248,"20","0.5"
"C12","animal25",14606,"20","0.5"
"C12","animal26",12663,"20","0.5"
"C12","animal27",3752,"20","0.5"
"C12","animal28",6968,"20","0.5"
"C13","animal25",16560,"20","0.5"
"C13","animal26",5980,"20","0.5"
"C13","animal27",52440,"20","0.5"
"C13","animal28",17480,"20","0.5"
"C14","animal25",10293,"20","0.5"
"C14","animal26",1974,"20","0.5"
"C14","animal27",8178,"20","0.5"
"C14","animal28",7191,"20","0.5"
"C15","animal25",3408,"20","0.5"
"C15","animal26",426,"20","0.5"
"C15","animal27",20164,"20","0.5"
"C15","animal28",2130,"20","0.5"
"C2","animal25",39216,"20","0.5"
"C2","animal26",70047,"20","0.5"
"C2","animal27",55728,"20","0.5"
"C2","animal28",329337,"20","0.5"
"C3","animal25",351174,"20","0.5"
"C3","animal26",57138,"20","0.5"
"C3","animal27",326457,"20","0.5"
"C3","animal28",391941,"20","0.5"
"C4","animal25",65992,"20","0.5"
"C4","animal26",147126,"20","0.5"
"C4","animal27",51302,"20","0.5"
"C4","animal28",411546,"20","0.5"
"C5","animal25",187500,"20","0.5"
"C5","animal26",85200,"20","0.5"
"C5","animal27",281100,"20","0.5"
"C5","animal28",319800,"20","0.5"
"C6","animal25",80145,"20","0.5"
"C6","animal26",53841,"20","0.5"
"C6","animal27",17810,"20","0.5"
"C6","animal28",239750,"20","0.5"
"C7","animal25",501600,"20","0.5"
"C7","animal26",463320,"20","0.5"
"C7","animal27",128040,"20","0.5"
"C7","animal28",1966800,"20","0.5"
"C8","animal25",67639,"20","0.5"
"C8","animal26",11011,"20","0.5"
"C8","animal27",14157,"20","0.5"
"C8","animal28",184888,"20","0.5"
"C9","animal25",628672,"20","0.5"
"C9","animal26",236645,"20","0.5"
"C9","animal27",279509,"20","0.5"
"C9","animal28",810844,"20","0.5"
"C0","animal25",331690,"20","0.75"
"C0","animal26",57400,"20","0.75"
"C0","animal27",165230,"20","0.75"
"C0","animal28",410205,"20","0.75"
"C1","animal25",40320,"20","0.75"
"C1","animal26",73984,"20","0.75"
"C1","animal27",58496,"20","0.75"
"C1","animal28",337280,"20","0.75"
"C10","animal25",84656,"20","0.75"
"C10","animal26",53280,"20","0.75"
"C10","animal27",38332,"20","0.75"
"C10","animal28",13172,"20","0.75"
"C11","animal25",326876,"20","0.75"
"C11","animal26",221628,"20","0.75"
"C11","animal27",139656,"20","0.75"
"C11","animal28",484748,"20","0.75"
"C12","animal25",15960,"20","0.75"
"C12","animal26",15855,"20","0.75"
"C12","animal27",4620,"20","0.75"
"C12","animal28",81795,"20","0.75"
"C13","animal25",36081,"20","0.75"
"C13","animal26",15903,"20","0.75"
"C13","animal27",40527,"20","0.75"
"C13","animal28",77976,"20","0.75"
"C14","animal25",27132,"20","0.75"
"C14","animal26",6726,"20","0.75"
"C14","animal27",22116,"20","0.75"
"C14","animal28",27816,"20","0.75"
"C15","animal25",19796,"20","0.75"
"C15","animal26",8383,"20","0.75"
"C15","animal27",24543,"20","0.75"
"C15","animal28",18685,"20","0.75"
"C16","animal25",14606,"20","0.75"
"C16","animal26",12663,"20","0.75"
"C16","animal27",3752,"20","0.75"
"C16","animal28",6968,"20","0.75"
"C17","animal25",16560,"20","0.75"
"C17","animal26",5980,"20","0.75"
"C17","animal27",52440,"20","0.75"
"C17","animal28",17480,"20","0.75"
"C18","animal25",10087,"20","0.75"
"C18","animal26",1834,"20","0.75"
"C18","animal27",7860,"20","0.75"
"C18","animal28",10742,"20","0.75"
"C19","animal25",3408,"20","0.75"
"C19","animal26",426,"20","0.75"
"C19","animal27",20164,"20","0.75"
"C19","animal28",2130,"20","0.75"
"C2","animal25",31296,"20","0.75"
"C2","animal26",33024,"20","0.75"
"C2","animal27",15456,"20","0.75"
"C2","animal28",292992,"20","0.75"
"C3","animal25",367068,"20","0.75"
"C3","animal26",55770,"20","0.75"
"C3","animal27",339352,"20","0.75"
"C3","animal28",362336,"20","0.75"
"C4","animal25",193228,"20","0.75"
"C4","animal26",31724,"20","0.75"
"C4","animal27",106090,"20","0.75"
"C4","animal28",286134,"20","0.75"
"C5","animal25",77720,"20","0.75"
"C5","animal26",169376,"20","0.75"
"C5","animal27",57352,"20","0.75"
"C5","animal28",474628,"20","0.75"
"C6","animal25",131364,"20","0.75"
"C6","animal26",54468,"20","0.75"
"C6","animal27",218673,"20","0.75"
"C6","animal28",222144,"20","0.75"
"C7","animal25",67588,"20","0.75"
"C7","animal26",10858,"20","0.75"
"C7","animal27",13786,"20","0.75"
"C7","animal28",188124,"20","0.75"
"C8","animal25",469568,"20","0.75"
"C8","animal26",424908,"20","0.75"
"C8","animal27",121220,"20","0.75"
"C8","animal28",1854028,"20","0.75"
"C9","animal25",46041,"20","0.75"
"C9","animal26",26677,"20","0.75"
"C9","animal27",10506,"20","0.75"
"C9","animal28",105163,"20","0.75"
"C0","animal25",1428892,"25","0.25"
"C0","animal26",261218,"25","0.25"
"C0","animal27",941904,"25","0.25"
"C0","animal28",1941200,"25","0.25"
"C1","animal25",110758,"25","0.25"
"C1","animal26",89744,"25","0.25"
"C1","animal27",70310,"25","0.25"
"C1","animal28",647168,"25","0.25"
"C10","animal25",16950,"25","0.25"
"C10","animal26",5876,"25","0.25"
"C10","animal27",50850,"25","0.25"
"C10","animal28",17402,"25","0.25"
"C11","animal25",10152,"25","0.25"
"C11","animal26",1974,"25","0.25"
"C11","animal27",8178,"25","0.25"
"C11","animal28",7332,"25","0.25"
"C12","animal25",3408,"25","0.25"
"C12","animal26",284,"25","0.25"
"C12","animal27",20164,"25","0.25"
"C12","animal28",2130,"25","0.25"
"C2","animal25",175612,"25","0.25"
"C2","animal26",58136,"25","0.25"
"C2","animal27",33368,"25","0.25"
"C2","animal28",438084,"25","0.25"
"C3","animal25",35224,"25","0.25"
"C3","animal26",66997,"25","0.25"
"C3","animal27",50694,"25","0.25"
"C3","animal28",305116,"25","0.25"
"C4","animal25",1303560,"25","0.25"
"C4","animal26",969576,"25","0.25"
"C4","animal27",436224,"25","0.25"
"C4","animal28",3430152,"25","0.25"
"C5","animal25",68562,"25","0.25"
"C5","animal26",153504,"25","0.25"
"C5","animal27",52650,"25","0.25"
"C5","animal28",427518,"25","0.25"
"C6","animal25",150784,"25","0.25"
"C6","animal26",75696,"25","0.25"
"C6","animal27",250800,"25","0.25"
"C6","animal28",207328,"25","0.25"
"C7","animal25",185709,"25","0.25"
"C7","animal26",25338,"25","0.25"
"C7","animal27",167787,"25","0.25"
"C7","animal28",189108,"25","0.25"
"C8","animal25",83937,"25","0.25"
"C8","animal26",52479,"25","0.25"
"C8","animal27",37779,"25","0.25"
"C8","animal28",12642,"25","0.25"
"C9","animal25",14256,"25","0.25"
"C9","animal26",12672,"25","0.25"
"C9","animal27",3894,"25","0.25"
"C9","animal28",6996,"25","0.25"
"C0","animal25",992734,"25","0.5"
"C0","animal26",168618,"25","0.5"
"C0","animal27",618624,"25","0.5"
"C0","animal28",1354314,"25","0.5"
"C1","animal25",36058,"25","0.5"
"C1","animal26",67881,"25","0.5"
"C1","animal27",52272,"25","0.5"
"C1","animal28",311212,"25","0.5"
"C10","animal25",84632,"25","0.5"
"C10","animal26",53193,"25","0.5"
"C10","animal27",38293,"25","0.5"
"C10","animal28",12814,"25","0.5"
"C11","animal25",12870,"25","0.5"
"C11","animal26",15543,"25","0.5"
"C11","animal27",3168,"25","0.5"
"C11","animal28",75339,"25","0.5"
"C12","animal25",30178,"25","0.5"
"C12","animal26",11850,"25","0.5"
"C12","animal27",31600,"25","0.5"
"C12","animal28",60040,"25","0.5"
"C13","animal25",18414,"25","0.5"
"C13","animal26",7719,"25","0.5"
"C13","animal27",21762,"25","0.5"
"C13","animal28",17205,"25","0.5"
"C14","animal25",14256,"25","0.5"
"C14","animal26",12606,"25","0.5"
"C14","animal27",3894,"25","0.5"
"C14","animal28",6996,"25","0.5"
"C15","animal25",16875,"25","0.5"
"C15","animal26",5850,"25","0.5"
"C15","animal27",50850,"25","0.5"
"C15","animal28",17775,"25","0.5"
"C16","animal25",10108,"25","0.5"
"C16","animal26",1862,"25","0.5"
"C16","animal27",7980,"25","0.5"
"C16","animal28",10906,"25","0.5"
"C17","animal25",3408,"25","0.5"
"C17","animal26",284,"25","0.5"
"C17","animal27",20164,"25","0.5"
"C17","animal28",2130,"25","0.5"
"C2","animal25",31977,"25","0.5"
"C2","animal26",32175,"25","0.5"
"C2","animal27",16335,"25","0.5"
"C2","animal28",293832,"25","0.5"
"C3","animal25",69148,"25","0.5"
"C3","animal26",155052,"25","0.5"
"C3","animal27",53100,"25","0.5"
"C3","animal28",433296,"25","0.5"
"C4","animal25",255168,"25","0.5"
"C4","animal26",50976,"25","0.5"
"C4","animal27",232992,"25","0.5"
"C4","animal28",281664,"25","0.5"
"C5","animal25",494064,"25","0.5"
"C5","animal26",445446,"25","0.5"
"C5","animal27",120888,"25","0.5"
"C5","animal28",1948662,"25","0.5"
"C6","animal25",67276,"25","0.5"
"C6","animal26",10648,"25","0.5"
"C6","animal27",12947,"25","0.5"
"C6","animal28",183436,"25","0.5"
"C7","animal25",114996,"25","0.5"
"C7","animal26",56203,"25","0.5"
"C7","animal27",193732,"25","0.5"
"C7","animal28",165501,"25","0.5"
"C8","animal25",582156,"25","0.5"
"C8","animal26",228969,"25","0.5"
"C8","animal27",262341,"25","0.5"
"C8","animal28",734184,"25","0.5"
"C9","animal25",46200,"25","0.5"
"C9","animal26",24800,"25","0.5"
"C9","animal27",8800,"25","0.5"
"C9","animal28",101600,"25","0.5"
"C0","animal25",319176,"25","0.75"
"C0","animal26",55044,"25","0.75"
"C0","animal27",158598,"25","0.75"
"C0","animal28",387288,"25","0.75"
"C1","animal25",45108,"25","0.75"
"C1","animal26",66906,"25","0.75"
"C1","animal27",57330,"25","0.75"
"C1","animal28",325962,"25","0.75"
"C10","animal25",171760,"25","0.75"
"C10","animal26",22192,"25","0.75"
"C10","animal27",145312,"25","0.75"
"C10","animal28",186656,"25","0.75"
"C11","animal25",80514,"25","0.75"
"C11","animal26",25137,"25","0.75"
"C11","animal27",72198,"25","0.75"
"C11","animal28",119259,"25","0.75"
"C12","animal25",84508,"25","0.75"
"C12","animal26",52836,"25","0.75"
"C12","animal27",38184,"25","0.75"
"C12","animal28",12728,"25","0.75"
"C13","animal25",330660,"25","0.75"
"C13","animal26",221442,"25","0.75"
"C13","animal27",139278,"25","0.75"
"C13","animal28",483966,"25","0.75"
"C14","animal25",12969,"25","0.75"
"C14","animal26",15543,"25","0.75"
"C14","animal27",3267,"25","0.75"
"C14","animal28",75537,"25","0.75"
"C15","animal25",21321,"25","0.75"
"C15","animal26",9064,"25","0.75"
"C15","animal27",27089,"25","0.75"
"C15","animal28",20806,"25","0.75"
"C16","animal25",14256,"25","0.75"
"C16","animal26",12672,"25","0.75"
"C16","animal27",3894,"25","0.75"
"C16","animal28",6996,"25","0.75"
"C17","animal25",16875,"25","0.75"
"C17","animal26",5850,"25","0.75"
"C17","animal27",50850,"25","0.75"
"C17","animal28",17775,"25","0.75"
"C18","animal25",4410,"25","0.75"
"C18","animal26",4410,"25","0.75"
"C18","animal27",21756,"25","0.75"
"C18","animal28",2352,"25","0.75"
"C19","animal25",10293,"25","0.75"
"C19","animal26",1974,"25","0.75"
"C19","animal27",8178,"25","0.75"
"C19","animal28",7332,"25","0.75"
"C2","animal25",31086,"25","0.75"
"C2","animal26",32175,"25","0.75"
"C2","animal27",16038,"25","0.75"
"C2","animal28",292842,"25","0.75"
"C3","animal25",180200,"25","0.75"
"C3","animal26",28000,"25","0.75"
"C3","animal27",108600,"25","0.75"
"C3","animal28",306200,"25","0.75"
"C4","animal25",68855,"25","0.75"
"C4","animal26",154160,"25","0.75"
"C4","animal27",52875,"25","0.75"
"C4","animal28",430755,"25","0.75"
"C5","animal25",488444,"25","0.75"
"C5","animal26",444040,"25","0.75"
"C5","animal27",122764,"25","0.75"
"C5","animal28",1928962,"25","0.75"
"C6","animal25",66792,"25","0.75"
"C6","animal26",10285,"25","0.75"
"C6","animal27",13310,"25","0.75"
"C6","animal28",182468,"25","0.75"
"C7","animal25",130150,"25","0.75"
"C7","animal26",60006,"25","0.75"
"C7","animal27",223584,"25","0.75"
"C7","animal28",192348,"25","0.75"
"C8","animal25",57200,"25","0.75"
"C8","animal26",12480,"25","0.75"
"C8","animal27",56784,"25","0.75"
"C8","animal28",68328,"25","0.75"
"C9","animal25",46400,"25","0.75"
"C9","animal26",25000,"25","0.75"
"C9","animal27",9100,"25","0.75"
"C9","animal28",103600,"25","0.75"
"C0","animal25",1201618,"30","0.25"
"C0","animal26",212300,"30","0.25"
"C0","animal27",747296,"30","0.25"
"C0","animal28",1716542,"30","0.25"
"C1","animal25",53400,"30","0.25"
"C1","animal26",58440,"30","0.25"
"C1","animal27",25080,"30","0.25"
"C1","animal28",457200,"30","0.25"
"C10","animal25",31356,"30","0.25"
"C10","animal26",13668,"30","0.25"
"C10","animal27",77184,"30","0.25"
"C10","animal28",38592,"30","0.25"
"C11","animal25",14539,"30","0.25"
"C11","animal26",12663,"30","0.25"
"C11","animal27",3953,"30","0.25"
"C11","animal28",7169,"30","0.25"
"C12","animal25",9940,"30","0.25"
"C12","animal26",1960,"30","0.25"
"C12","animal27",8120,"30","0.25"
"C12","animal28",7280,"30","0.25"
"C13","animal25",3289,"30","0.25"
"C13","animal26",286,"30","0.25"
"C13","animal27",20306,"30","0.25"
"C13","animal28",2145,"30","0.25"
"C2","animal25",172040,"30","0.25"
"C2","animal26",58650,"30","0.25"
"C2","animal27",34000,"30","0.25"
"C2","animal28",430610,"30","0.25"
"C3","animal25",47916,"30","0.25"
"C3","animal26",73260,"30","0.25"
"C3","animal27",60456,"30","0.25"
"C3","animal28",342144,"30","0.25"
"C4","animal25",1210944,"30","0.25"
"C4","animal26",963328,"30","0.25"
"C4","animal27",400256,"30","0.25"
"C4","animal28",3317376,"30","0.25"
"C5","animal25",66511,"30","0.25"
"C5","animal26",147323,"30","0.25"
"C5","animal27",50848,"30","0.25"
"C5","animal28",413140,"30","0.25"
"C6","animal25",263055,"30","0.25"
"C6","animal26",48450,"30","0.25"
"C6","animal27",226290,"30","0.25"
"C6","animal28",259635,"30","0.25"
"C7","animal25",124300,"30","0.25"
"C7","animal26",59950,"30","0.25"
"C7","animal27",211750,"30","0.25"
"C7","animal28",169125,"30","0.25"
"C8","animal25",83220,"30","0.25"
"C8","animal26",52122,"30","0.25"
"C8","animal27",37230,"30","0.25"
"C8","animal28",12702,"30","0.25"
"C9","animal25",22440,"30","0.25"
"C9","animal26",8800,"30","0.25"
"C9","animal27",28380,"30","0.25"
"C9","animal28",20680,"30","0.25"
"C0","animal25",788800,"30","0.5"
"C0","animal26",143360,"30","0.5"
"C0","animal27",476800,"30","0.5"
"C0","animal28",1080000,"30","0.5"
"C1","animal25",50827,"30","0.5"
"C1","animal26",76583,"30","0.5"
"C1","animal27",64253,"30","0.5"
"C1","animal28",357844,"30","0.5"
"C10","animal25",83220,"30","0.5"
"C10","animal26",52122,"30","0.5"
"C10","animal27",37376,"30","0.5"
"C10","animal28",12702,"30","0.5"
"C11","animal25",11400,"30","0.5"
"C11","animal26",15600,"30","0.5"
"C11","animal27",3000,"30","0.5"
"C11","animal28",74200,"30","0.5"
"C12","animal25",33456,"30","0.5"
"C12","animal26",13940,"30","0.5"
"C12","animal27",35260,"30","0.5"
"C12","animal28",72160,"30","0.5"
"C13","animal25",22866,"30","0.5"
"C13","animal26",8769,"30","0.5"
"C13","animal27",28860,"30","0.5"
"C13","animal28",20979,"30","0.5"
"C14","animal25",14539,"30","0.5"
"C14","animal26",12663,"30","0.5"
"C14","animal27",3886,"30","0.5"
"C14","animal28",7169,"30","0.5"
"C15","animal25",16416,"30","0.5"
"C15","animal26",5928,"30","0.5"
"C15","animal27",52668,"30","0.5"
"C15","animal28",18696,"30","0.5"
"C16","animal25",10152,"30","0.5"
"C16","animal26",1974,"30","0.5"
"C16","animal27",8178,"30","0.5"
"C16","animal28",7332,"30","0.5"
"C17","animal25",3289,"30","0.5"
"C17","animal26",286,"30","0.5"
"C17","animal27",20306,"30","0.5"
"C17","animal28",2145,"30","0.5"
"C2","animal25",32844,"30","0.5"
"C2","animal26",32334,"30","0.5"
"C2","animal27",17544,"30","0.5"
"C2","animal28",299574,"30","0.5"
"C3","animal25",283920,"30","0.5"
"C3","animal26",53760,"30","0.5"
"C3","animal27",243600,"30","0.5"
"C3","animal28",328160,"30","0.5"
"C4","animal25",66804,"30","0.5"
"C4","animal26",147972,"30","0.5"
"C4","animal27",50844,"30","0.5"
"C4","animal28",415188,"30","0.5"
"C5","animal25",474980,"30","0.5"
"C5","animal26",419100,"30","0.5"
"C5","animal27",116840,"30","0.5"
"C5","animal28",1854200,"30","0.5"
"C6","animal25",65093,"30","0.5"
"C6","animal26",9877,"30","0.5"
"C6","animal27",12971,"30","0.5"
"C6","animal28",180285,"30","0.5"
"C7","animal25",133280,"30","0.5"
"C7","animal26",58752,"30","0.5"
"C7","animal27",220864,"30","0.5"
"C7","animal28",195296,"30","0.5"
"C8","animal25",667726,"30","0.5"
"C8","animal26",259618,"30","0.5"
"C8","animal27",296022,"30","0.5"
"C8","animal28",878486,"30","0.5"
"C9","animal25",48464,"30","0.5"
"C9","animal26",27248,"30","0.5"
"C9","animal27",9464,"30","0.5"
"C9","animal28",107744,"30","0.5"
"C0","animal25",375402,"30","0.75"
"C0","animal26",64602,"30","0.75"
"C0","animal27",201798,"30","0.75"
"C0","animal28",451992,"30","0.75"
"C1","animal25",51000,"30","0.75"
"C1","animal26",75888,"30","0.75"
"C1","animal27",63920,"30","0.75"
"C1","animal28",355368,"30","0.75"
"C10","animal25",83220,"30","0.75"
"C10","animal26",52122,"30","0.75"
"C10","animal27",37376,"30","0.75"
"C10","animal28",12702,"30","0.75"
"C11","animal25",327684,"30","0.75"
"C11","animal26",219114,"30","0.75"
"C11","animal27",138180,"30","0.75"
"C11","animal28",465864,"30","0.75"
"C12","animal25",11500,"30","0.75"
"C12","animal26",15600,"30","0.75"
"C12","animal27",3000,"30","0.75"
"C12","animal28",74400,"30","0.75"
"C13","animal25",32085,"30","0.75"
"C13","animal26",12400,"30","0.75"
"C13","animal27",30845,"30","0.75"
"C13","animal28",66030,"30","0.75"
"C14","animal25",22260,"30","0.75"
"C14","animal26",9010,"30","0.75"
"C14","animal27",28090,"30","0.75"
"C14","animal28",20564,"30","0.75"
"C15","animal25",21632,"30","0.75"
"C15","animal26",5200,"30","0.75"
"C15","animal27",18096,"30","0.75"
"C15","animal28",21840,"30","0.75"
"C16","animal25",14539,"30","0.75"
"C16","animal26",12663,"30","0.75"
"C16","animal27",3953,"30","0.75"
"C16","animal28",7169,"30","0.75"
"C17","animal25",16416,"30","0.75"
"C17","animal26",5928,"30","0.75"
"C17","animal27",52668,"30","0.75"
"C17","animal28",18696,"30","0.75"
"C18","animal25",10152,"30","0.75"
"C18","animal26",1974,"30","0.75"
"C18","animal27",8178,"30","0.75"
"C18","animal28",7332,"30","0.75"
"C19","animal25",3289,"30","0.75"
"C19","animal26",286,"30","0.75"
"C19","animal27",20306,"30","0.75"
"C19","animal28",2145,"30","0.75"
"C2","animal25",32844,"30","0.75"
"C2","animal26",32334,"30","0.75"
"C2","animal27",17442,"30","0.75"
"C2","animal28",299778,"30","0.75"
"C3","animal25",306348,"30","0.75"
"C3","animal26",57036,"30","0.75"
"C3","animal27",258720,"30","0.75"
"C3","animal28",354270,"30","0.75"
"C4","animal25",163305,"30","0.75"
"C4","animal26",23875,"30","0.75"
"C4","animal27",103522,"30","0.75"
"C4","animal28",280770,"30","0.75"
"C5","animal25",65925,"30","0.75"
"C5","animal26",145575,"30","0.75"
"C5","animal27",49725,"30","0.75"
"C5","animal28",408600,"30","0.75"
"C6","animal25",153846,"30","0.75"
"C6","animal26",67716,"30","0.75"
"C6","animal27",250965,"30","0.75"
"C6","animal28",226314,"30","0.75"
"C7","animal25",505177,"30","0.75"
"C7","animal26",460331,"30","0.75"
"C7","animal27",126624,"30","0.75"
"C7","animal28",1969267,"30","0.75"
"C8","animal25",64310,"30","0.75"
"C8","animal26",9794,"30","0.75"
"C8","animal27",12744,"30","0.75"
"C8","animal28",178888,"30","0.75"
"C9","animal25",49035,"30","0.75"
"C9","animal26",27510,"30","0.75"
"C9","animal27",9555,"30","0.75"
"C9","animal28",108990,"30","0.75"
